"wave","include_random_effects","length","measure","pearson_cor_value","pearson_cor_df","pearson_cor_p","pearson_cor_95_conf_lower","pearson_cor_95_conf_upper"
1,FALSE,1,"active_engagement",0.18840653557346,69,0.115605311933948,-0.046961432809971,0.403954084789843
1,FALSE,2,"active_engagement",0.270312651660983,69,0.022614331311716,0.0394999820195048,0.473739996092935
1,FALSE,3,"active_engagement",0.241133324401087,69,0.042789492047758,0.00829631887005432,0.449168073187157
1,FALSE,4,"active_engagement",0.343088538831552,69,0.0033998293794571,0.119336995828779,0.533674887107918
1,FALSE,5,"active_engagement",0.268178108982144,69,0.0237473711132602,0.0372019901231245,0.471953170632324
1,FALSE,6,"active_engagement",0.227124563306766,69,0.0568072896535592,-0.00652491979727927,0.437258407795666
1,FALSE,7,"active_engagement",0.263250211964039,69,0.0265483124510131,0.0319060606319574,0.467821624862833
1,FALSE,8,"active_engagement",0.305159200521903,69,0.00966142783214843,0.07736333192097,0.502675091552663
1,FALSE,9,"active_engagement",0.331569640709538,69,0.00473334020738259,0.106504733133433,0.524314290315128
1,FALSE,10,"active_engagement",0.314672176812323,69,0.00752495145424456,0.087815334749381,0.510498104104983
1,FALSE,11,"active_engagement",0.347079058142431,69,0.00302285119110368,0.123800010116621,0.536906846104388
1,FALSE,12,"active_engagement",0.358085245413819,69,0.00216881758320643,0.136156372056319,0.545792076759479
1,FALSE,13,"active_engagement",0.392212851958028,69,0.000717469024778296,0.174914632903222,0.573077305942167
1,FALSE,14,"active_engagement",0.393654342829145,69,0.00068289763043185,0.176566673590665,0.574221027380848
1,FALSE,15,"active_engagement",0.371873951038356,69,0.00140706495635984,0.151734651841122,0.556864365843585
1,FALSE,16,"active_engagement",0.366340602887985,69,0.00167767382501489,0.145469989621748,0.552428987865615
1,FALSE,17,"active_engagement",0.366923601784022,69,0.00164710561660597,0.146129206790243,0.552896800725726
1,FALSE,18,"active_engagement",0.349632604278897,69,0.00280163844356166,0.126660654820351,0.538972067650291
1,FALSE,19,"active_engagement",0.348130796387721,69,0.00292991920999072,0.124977784838345,0.537757731988106
1,FALSE,20,"active_engagement",0.356319695006525,69,0.00228926271766422,0.134169573565702,0.544369595204382
1,FALSE,21,"active_engagement",0.364990831579138,69,0.0017504134654423,0.143944508436835,0.551345447625327
1,FALSE,22,"active_engagement",0.348097676506693,69,0.00293280635987743,0.124940686398382,0.537730942960316
1,FALSE,23,"active_engagement",0.360284034148829,69,0.00202677661397169,0.138633198184904,0.547562101496481
1,FALSE,24,"active_engagement",0.339332019585607,69,0.00379237192620802,0.115143934578727,0.530627351412743
1,FALSE,25,"active_engagement",0.336083974711754,69,0.00416372109488248,0.11152486592645,0.527988330554518
1,FALSE,1,"perceptual_abilities",0.186394459765073,69,0.119616878493386,-0.0490419376810997,0.40220758428198
1,FALSE,2,"perceptual_abilities",0.185547033379144,69,0.121338005592156,-0.0499175733264571,0.401471539936662
1,FALSE,3,"perceptual_abilities",0.174196536871884,69,0.146255267303851,-0.0616111162471253,0.391585943120627
1,FALSE,4,"perceptual_abilities",0.271649870409906,69,0.0219281941919563,0.0409408411242106,0.474858529135632
1,FALSE,5,"perceptual_abilities",0.225396777920762,69,0.0587694559499368,-0.00834582917246507,0.435784393143128
1,FALSE,6,"perceptual_abilities",0.202492920579274,69,0.0903520931229577,-0.0323385633671706,0.416137346604678
1,FALSE,7,"perceptual_abilities",0.196474679720886,69,0.100550898212061,-0.0385983355246267,0.410941560926776
1,FALSE,8,"perceptual_abilities",0.268012242416961,69,0.0238373968204483,0.0370235248172806,0.471814253614377
1,FALSE,9,"perceptual_abilities",0.275623386400591,69,0.0199929458339599,0.0452279915236016,0.478178356082262
1,FALSE,10,"perceptual_abilities",0.265238587254932,69,0.0253862644140895,0.0340413725607749,0.469489754102808
1,FALSE,11,"perceptual_abilities",0.300624450525685,69,0.0108539958197245,0.0723985172769435,0.498934511152701
1,FALSE,12,"perceptual_abilities",0.301642399266964,69,0.0105756952591261,0.0735120221563652,0.499774830437204
1,FALSE,13,"perceptual_abilities",0.341129498886262,69,0.00359977984973707,0.117149301163364,0.532086202299622
1,FALSE,14,"perceptual_abilities",0.346341691324268,69,0.00308956404599497,0.122974654909357,0.536310065178604
1,FALSE,15,"perceptual_abilities",0.34763089491022,69,0.00297376790257051,0.124417898556467,0.537353345766018
1,FALSE,16,"perceptual_abilities",0.338185483046134,69,0.0039199506092821,0.113865749307482,0.529696219313
1,FALSE,17,"perceptual_abilities",0.34545801506361,69,0.00317124146170431,0.121985938344643,0.535594619766929
1,FALSE,18,"perceptual_abilities",0.347760648079571,69,0.00296233074024664,0.124563207572941,0.537458315620001
1,FALSE,19,"perceptual_abilities",0.355900999218216,69,0.00231869058012284,0.133698671200739,0.54403209859626
1,FALSE,20,"perceptual_abilities",0.35511361361606,69,0.00237495076792299,0.132813379310754,0.543397248590206
1,FALSE,21,"perceptual_abilities",0.360112109430551,69,0.00203757422659393,0.13843943356343,0.547423762486797
1,FALSE,22,"perceptual_abilities",0.340110765252814,69,0.00370783614393097,0.116012521704594,0.531259527801128
1,FALSE,23,"perceptual_abilities",0.355746929003823,69,0.00232960432381563,0.133525415443571,0.543907892449091
1,FALSE,24,"perceptual_abilities",0.356739653312731,69,0.00226008264113447,0.134641996675089,0.544708048340699
1,FALSE,25,"perceptual_abilities",0.365579360887715,69,0.00171835578341654,0.144609521884257,0.551817971777229
1,FALSE,1,"musical_training",0.128225483971128,69,0.286570224139658,-0.108318655118119,0.35102804413041
1,FALSE,2,"musical_training",0.106364319316999,69,0.377321957734208,-0.130169598446097,0.331443225815387
1,FALSE,3,"musical_training",0.165996743502856,69,0.166509821404325,-0.0700186490088467,0.38441305927607
1,FALSE,4,"musical_training",0.28386024317066,69,0.0164414645026062,0.0541421054801624,0.485041768568991
1,FALSE,5,"musical_training",0.289211425907923,69,0.0144368830367747,0.0599529644931899,0.489487433220638
1,FALSE,6,"musical_training",0.26636167079362,69,0.0247491449105036,0.0352483830677502,0.470431310810938
1,FALSE,7,"musical_training",0.261197602815452,69,0.0277947228172729,0.0297039811153441,0.466098076987654
1,FALSE,8,"musical_training",0.332614367448577,69,0.00459571173606357,0.107665494474207,0.525165191330447
1,FALSE,9,"musical_training",0.347457363982584,69,0.00298912545553656,0.124223578317744,0.537212950672308
1,FALSE,10,"musical_training",0.35032681981129,69,0.00274405402620893,0.127439000917345,0.539533132356664
1,FALSE,11,"musical_training",0.393514130110735,69,0.000686192612392019,0.176405927135238,0.574109809402553
1,FALSE,12,"musical_training",0.397508348767012,69,0.000597772935815209,0.180989625522766,0.577275452277488
1,FALSE,13,"musical_training",0.431491645711067,69,0.000171997307822667,0.22037250597493,0.603992311977786
1,FALSE,14,"musical_training",0.411012630574064,69,0.000370140795305843,0.196556890316577,0.587938483966002
1,FALSE,15,"musical_training",0.401412835200069,69,0.000521489961150435,0.185479458964898,0.580364763058693
1,FALSE,16,"musical_training",0.386047216329516,69,0.000884007839306191,0.167862202549305,0.56817734368781
1,FALSE,17,"musical_training",0.389804875712791,69,0.000778781872774612,0.172157664609704,0.571165173631194
1,FALSE,18,"musical_training",0.402713271473588,69,0.000498124372919054,0.186976856317295,0.5813925531039
1,FALSE,19,"musical_training",0.411868848031936,69,0.000358815262135081,0.197547566321745,0.588612489977229
1,FALSE,20,"musical_training",0.42742215087318,69,0.000201075195116227,0.215619852509633,0.600813275483476
1,FALSE,21,"musical_training",0.44158011527035,69,0.000115774147209729,0.232197945195651,0.611849692968766
1,FALSE,22,"musical_training",0.422829315221793,69,0.000239274988153775,0.210268029873542,0.597218812097371
1,FALSE,23,"musical_training",0.439079897802455,69,0.000127855248993794,0.229261475353178,0.609905531505561
1,FALSE,24,"musical_training",0.41224732104591,69,0.000353910786230326,0.197985613489531,0.588910341942128
1,FALSE,25,"musical_training",0.41239000638663,69,0.000352077755067981,0.198150780663164,0.589022620476309
1,FALSE,1,"singing_abilities",0.199290177588859,69,0.0956732289187058,-0.0356721376079188,0.413374027315619
1,FALSE,2,"singing_abilities",0.136204822969504,69,0.257382873447283,-0.100285699171627,0.358128281062689
1,FALSE,3,"singing_abilities",0.157121762163993,69,0.190677880052356,-0.0790808458951156,0.376619712115714
1,FALSE,4,"singing_abilities",0.232503400700204,69,0.0510376178504057,-0.000846236552533945,0.441840004633751
1,FALSE,5,"singing_abilities",0.238360815810372,69,0.045309769226929,0.00535486848282552,0.446816855278057
1,FALSE,6,"singing_abilities",0.183974297949218,69,0.124582361925258,-0.0515417034855133,0.400104778457791
1,FALSE,7,"singing_abilities",0.161467540344865,69,0.178545780178555,-0.0746482671115533,0.38043973666987
1,FALSE,8,"singing_abilities",0.196217302526606,69,0.101006283975522,-0.0388656313310547,0.410719045908794
1,FALSE,9,"singing_abilities",0.205862840662976,69,0.0850075595332696,-0.0288253329122558,0.419040651699451
1,FALSE,10,"singing_abilities",0.198998708660882,69,0.0961694146576025,-0.035975253612093,0.413122352681679
1,FALSE,11,"singing_abilities",0.24085173503153,69,0.0430400553599708,0.00799738700419959,0.448929403528746
1,FALSE,12,"singing_abilities",0.227926405117399,69,0.0559149634740548,-0.00567933366386807,0.437942094709378
1,FALSE,13,"singing_abilities",0.264437675787366,69,0.0258490494659688,0.0331810215179634,0.468818012093046
1,FALSE,14,"singing_abilities",0.265939816079603,69,0.0249868541700366,0.0347949244718149,0.470077696020294
1,FALSE,15,"singing_abilities",0.249573194863666,69,0.0358211047928604,0.0172753409853761,0.456307788172848
1,FALSE,16,"singing_abilities",0.209402339780753,69,0.0796665736115641,-0.0251290580321064,0.422085368463006
1,FALSE,17,"singing_abilities",0.199622481279285,69,0.0951099756347621,-0.0353265023385433,0.413660921637202
1,FALSE,18,"singing_abilities",0.188200702942337,69,0.116010876416841,-0.0471743594489071,0.4037754922755
1,FALSE,19,"singing_abilities",0.187005759018431,69,0.118386985139586,-0.0484100646314212,0.402738363875632
1,FALSE,20,"singing_abilities",0.192776698759192,69,0.10724935890042,-0.0424355985809375,0.407742021878
1,FALSE,21,"singing_abilities",0.198059904420179,69,0.0977813003070901,-0.0369512785924551,0.412311501120775
1,FALSE,22,"singing_abilities",0.179979072256915,69,0.133121338440724,-0.0556618929912288,0.396628460709468
1,FALSE,23,"singing_abilities",0.203632907309648,69,0.0885153073770769,-0.0311507463134255,0.417119973194765
1,FALSE,24,"singing_abilities",0.18161742099893,69,0.129567630798542,-0.0539732696694652,0.398054769427868
1,FALSE,25,"singing_abilities",0.19277195100894,69,0.10725817573796,-0.0424405206958867,0.407737910669675
1,FALSE,1,"emotions",0.226059861920955,69,0.0580100123708702,-0.00764718959436555,0.436350219293107
1,FALSE,2,"emotions",0.217035238224071,69,0.0690568331852562,-0.0171361890330944,0.428634983537908
1,FALSE,3,"emotions",0.225526355893609,69,0.0586204163267712,-0.00820932096764025,0.435894978340779
1,FALSE,4,"emotions",0.275975377593332,69,0.0198287710451011,0.0456081754317301,0.478472161853652
1,FALSE,5,"emotions",0.194757777404653,69,0.103619132409575,-0.0403807664958571,0.409456732462811
1,FALSE,6,"emotions",0.166703981966488,69,0.164685592038976,-0.0692948117615129,0.385032766974824
1,FALSE,7,"emotions",0.217142806222789,69,0.0689158596348674,-0.0170233338133366,0.428727126521793
1,FALSE,8,"emotions",0.299534126644463,69,0.0111591232096896,0.0712064740253131,0.498034032209362
1,FALSE,9,"emotions",0.346181379459592,69,0.00310424074979609,0.122795254258939,0.53618029313043
1,FALSE,10,"emotions",0.349168348856073,69,0.0028407477045845,0.126140290389593,0.538596762837889
1,FALSE,11,"emotions",0.369593702579974,69,0.00151341152947072,0.149150890474362,0.555037859194567
1,FALSE,12,"emotions",0.37642390612629,69,0.00121476078862297,0.156899236003179,0.560503596204041
1,FALSE,13,"emotions",0.398758168091425,69,0.000572316228618693,0.182425831991708,0.578264895621873
1,FALSE,14,"emotions",0.405756195060819,69,0.00044713402718668,0.190484575816718,0.583795278670478
1,FALSE,15,"emotions",0.397182789687246,69,0.000604571082773234,0.180615666947348,0.577017630517736
1,FALSE,16,"emotions",0.362212388811322,69,0.00190913795649911,0.140807678406317,0.549113048597356
1,FALSE,17,"emotions",0.372261502058598,69,0.00138967566569485,0.152174087231572,0.557174621131406
1,FALSE,18,"emotions",0.35655892740866,69,0.00227259897180995,0.134438680560135,0.544562405079566
1,FALSE,19,"emotions",0.371314769952873,69,0.0014325010760764,0.151100762305181,0.556416620529627
1,FALSE,20,"emotions",0.381164579538528,69,0.00103995092178083,0.162293103728652,0.564287822842099
1,FALSE,21,"emotions",0.4031111114805,69,0.000491169271630955,0.187435152600276,0.581706869094214
1,FALSE,22,"emotions",0.39486564628529,69,0.000655025320309642,0.177955851154202,0.575181566678181
1,FALSE,23,"emotions",0.39751623546605,69,0.000597609116685957,0.180998685480888,0.577281697588992
1,FALSE,24,"emotions",0.386831441796351,69,0.000861038577686579,0.16875798413191,0.568801302115545
1,FALSE,25,"emotions",0.382780859749084,69,0.000985771591473516,0.164135078166563,0.565576256484891
1,FALSE,1,"general_sophistication",0.168337526544912,69,0.160528411721279,-0.0676219777674149,0.386463385151852
1,FALSE,2,"general_sophistication",0.151170811810789,69,0.208238224549248,-0.0851355434698628,0.371376571471162
1,FALSE,3,"general_sophistication",0.182322159192574,69,0.128061348777534,-0.0532464910814905,0.398667976582032
1,FALSE,4,"general_sophistication",0.288374089010521,69,0.0147359035909019,0.0590426722274748,0.488792475456439
1,FALSE,5,"general_sophistication",0.274309030871334,69,0.0206162796272594,0.0438089523969479,0.47708086743554
1,FALSE,6,"general_sophistication",0.235469121080157,69,0.0480675038530497,0.00229125922439493,0.444361490008497
1,FALSE,7,"general_sophistication",0.241124325379797,69,0.0427974808413226,0.00828676497422592,0.44916044625144
1,FALSE,8,"general_sophistication",0.295381412500972,69,0.0123905107630254,0.0666723061680157,0.494600455307321
1,FALSE,9,"general_sophistication",0.322043996642999,69,0.00616637563674104,0.0959493256266415,0.516538120951999
1,FALSE,10,"general_sophistication",0.316535522140679,69,0.00715884392511374,0.0898684780501729,0.512026642053525
1,FALSE,11,"general_sophistication",0.366330107172184,69,0.00167822878978815,0.145458123546979,0.552420564767054
1,FALSE,12,"general_sophistication",0.365561296987166,69,0.00171933183069439,0.144589107463993,0.55180347023514
1,FALSE,13,"general_sophistication",0.405856663116829,69,0.00044553479814036,0.19060048383359,0.583874556194383
1,FALSE,14,"general_sophistication",0.406951274939274,69,0.000428446146125065,0.19186370496269,0.584738074621705
1,FALSE,15,"general_sophistication",0.39006931883562,69,0.000771823438336726,0.172460267347185,0.571375259598752
1,FALSE,16,"general_sophistication",0.364177937337756,69,0.00179557678590457,0.143026300228897,0.550692586485182
1,FALSE,17,"general_sophistication",0.367217229777671,69,0.00163190048796704,0.146461296461759,0.553132370768592
1,FALSE,18,"general_sophistication",0.362918190523975,69,0.00186763811038294,0.141604099488422,0.549680392832348
1,FALSE,19,"general_sophistication",0.364479299764403,69,0.00177871274681096,0.143366661061694,0.550934646826633
1,FALSE,20,"general_sophistication",0.378023897541648,69,0.00115299947576126,0.158718219524925,0.561781643971618
1,FALSE,21,"general_sophistication",0.388149614634593,69,0.00082364694018199,0.170264479201035,0.569849616865651
1,FALSE,22,"general_sophistication",0.369298653060887,69,0.00152768849980287,0.148816788140484,0.554801390219738
1,FALSE,23,"general_sophistication",0.388942912020039,69,0.000801860352404798,0.171171603092602,0.570480224429143
1,FALSE,24,"general_sophistication",0.364950741178184,69,0.00175261666130794,0.143899215226415,0.551313255102867
1,FALSE,25,"general_sophistication",0.367445087621416,69,0.00162018835402138,0.146719035191055,0.553315154659388
1,FALSE,1,"mpt_total_score",0.0228899129042349,66,0.853009576123112,-0.216717922385755,0.259896610291937
1,FALSE,2,"mpt_total_score",0.00458133121754968,66,0.970422496972587,-0.234099467461827,0.242741274698304
1,FALSE,3,"mpt_total_score",-0.0729493719020578,66,0.554391971159773,-0.306051324095732,0.168404776566899
1,FALSE,4,"mpt_total_score",-0.0285565608172362,66,0.817186834267237,-0.265176172986752,0.211307236583623
1,FALSE,5,"mpt_total_score",-0.0294705063969562,66,0.811441928817901,-0.266026360822448,0.210433194987371
1,FALSE,6,"mpt_total_score",0.00285614876422361,66,0.9815579127257,-0.23572946852837,0.241117044297034
1,FALSE,7,"mpt_total_score",0.0206539566640918,66,0.867230752929362,-0.218848838079685,0.257809484917065
1,FALSE,8,"mpt_total_score",0.0416623337104801,66,0.735865549888051,-0.198736879235781,0.277332584100793
1,FALSE,9,"mpt_total_score",0.0407268135688907,66,0.741587122434745,-0.199636809410149,0.276467325318433
1,FALSE,10,"mpt_total_score",0.0336796981999618,66,0.785115980636827,-0.206402824870798,0.269937170569764
1,FALSE,11,"mpt_total_score",0.0656531610578064,66,0.594776547609967,-0.175519398247514,0.299391764542267
1,FALSE,12,"mpt_total_score",0.0874334893366969,66,0.478332307138268,-0.154206236762135,0.319204338738214
1,FALSE,13,"mpt_total_score",0.0943346757881687,66,0.444158321457932,-0.147405830662263,0.325440049197946
1,FALSE,14,"mpt_total_score",0.104208884541875,66,0.397718683605801,-0.137635909852454,0.334327275607392
1,FALSE,15,"mpt_total_score",0.114586820875316,66,0.352133839094108,-0.12731660716543,0.343623976429391
1,FALSE,16,"mpt_total_score",0.121150340489472,66,0.325046476320761,-0.120763024213115,0.349480586392174
1,FALSE,17,"mpt_total_score",0.0998149773514058,66,0.41802025563905,-0.141989229239226,0.330377611267679
1,FALSE,18,"mpt_total_score",0.106884384216738,66,0.385646605655901,-0.134980539748436,0.336728317856382
1,FALSE,19,"mpt_total_score",0.0965382824410711,66,0.433540405713956,-0.145229579209487,0.327426938706938
1,FALSE,20,"mpt_total_score",0.0875237465169771,66,0.477876491069572,-0.154117445143939,0.319286022217163
1,FALSE,21,"mpt_total_score",0.0881007379522183,66,0.474968065133405,-0.153549730438288,0.319808122773632
1,FALSE,22,"mpt_total_score",0.0883908900039735,66,0.473509098663129,-0.153264183086685,0.320070618652767
1,FALSE,23,"mpt_total_score",0.108383197983514,66,0.378980502817591,-0.133491482798199,0.338072075724601
1,FALSE,24,"mpt_total_score",0.129262180201592,66,0.293453160005263,-0.112634223855324,0.356694189019634
1,FALSE,25,"mpt_total_score",0.13856138432992,66,0.259798049176119,-0.103275570992064,0.364930446569501
2,FALSE,1,"active_engagement",0.133562823079476,50,0.345189686591255,-0.144608374991801,0.392168847291339
2,FALSE,2,"active_engagement",0.156763244584174,50,0.267070195482693,-0.121327556681537,0.412036343815003
2,FALSE,3,"active_engagement",0.0955413092742822,50,0.500467677298427,-0.182107134945229,0.359079263209666
2,FALSE,4,"active_engagement",0.0978230448156113,50,0.490243480222305,-0.179879321456777,0.36108388960671
2,FALSE,5,"active_engagement",0.094802766852489,50,0.503800326065869,-0.182827613975133,0.358429892976499
2,FALSE,6,"active_engagement",0.138199339559129,50,0.328548047688589,-0.139980285738253,0.396158674923997
2,FALSE,7,"active_engagement",0.193687064637878,50,0.168879424440533,-0.0836339137034716,0.443163000634282
2,FALSE,8,"active_engagement",0.235699515716366,50,0.0925440535111438,-0.039758145182492,0.47786253445021
2,FALSE,9,"active_engagement",0.245481183535341,50,0.0794119006255987,-0.0293878852134922,0.485834527433185
2,FALSE,10,"active_engagement",0.222530224877629,50,0.112822446316946,-0.0536267708736534,0.467066276806542
2,FALSE,11,"active_engagement",0.254180568275709,50,0.0690094121675216,-0.0201150501291663,0.492891028530952
2,FALSE,12,"active_engagement",0.324765820552575,50,0.0188210190379178,0.0569092988115306,0.549008253659213
2,FALSE,13,"active_engagement",0.363365650774154,50,0.00810302416706525,0.100423597292481,0.578864281188772
2,FALSE,14,"active_engagement",0.41780142944808,50,0.00205705574657858,0.163548620845925,0.620009424728907
2,FALSE,15,"active_engagement",0.439223438185278,50,0.00112371802082233,0.188974386198019,0.635901876790796
2,FALSE,16,"active_engagement",0.417240066478148,50,0.00208881992427749,0.1628868504032,0.619590720536259
2,FALSE,17,"active_engagement",0.435943310748214,50,0.00123588045030603,0.185059327913625,0.633479199227164
2,FALSE,18,"active_engagement",0.45847871998597,50,0.00063044122931325,0.212118446883536,0.650045947097235
2,FALSE,19,"active_engagement",0.457162787727674,50,0.000656553041405205,0.210527902946757,0.649083529366964
2,FALSE,20,"active_engagement",0.467227382486192,50,0.000479355768398188,0.222726088110292,0.656428765716067
2,FALSE,21,"active_engagement",0.469718223749881,50,0.00044278991217081,0.225756826771155,0.65824108429599
2,FALSE,22,"active_engagement",0.463694814834248,50,0.000535900620414986,0.218435914757547,0.653854743942952
2,FALSE,23,"active_engagement",0.457033813465635,50,0.00065916398961779,0.21037208427672,0.648989169924613
2,FALSE,24,"active_engagement",0.465562192204721,50,0.000505300979198383,0.220702595240082,0.655215965736431
2,FALSE,25,"active_engagement",0.434819741412318,50,0.00127654400002435,0.183720099066148,0.632648447816935
2,FALSE,1,"perceptual_abilities",0.2353373806979,50,0.093060843774632,-0.0401409352030542,0.477566629155624
2,FALSE,2,"perceptual_abilities",0.327635507300012,50,0.0177383898267408,0.0601097078616201,0.551247753185318
2,FALSE,3,"perceptual_abilities",0.281131183378983,50,0.0434972328804739,0.00891481645525181,0.51455447637347
2,FALSE,4,"perceptual_abilities",0.347719288950145,50,0.011541929359252,0.0826630949318077,0.566831439217198
2,FALSE,5,"perceptual_abilities",0.376763710827095,50,0.0059035388883458,0.115766366902966,0.589094009775695
2,FALSE,6,"perceptual_abilities",0.367887839852626,50,0.00729211434961281,0.105588232162056,0.58232467749769
2,FALSE,7,"perceptual_abilities",0.460794828365038,50,0.000586748068722959,0.214921059805589,0.651738360320862
2,FALSE,8,"perceptual_abilities",0.487326359605902,50,0.000248298153104045,0.247317120402068,0.670990617005103
2,FALSE,9,"perceptual_abilities",0.478509590728662,50,0.000333009917128797,0.23649163095587,0.664620201400824
2,FALSE,10,"perceptual_abilities",0.494334123464029,50,0.000195505193554376,0.255964412483034,0.676034697933096
2,FALSE,11,"perceptual_abilities",0.519448748307307,50,7.94488925593889e-05,0.287271366073973,0.693973026760909
2,FALSE,12,"perceptual_abilities",0.543975322893366,50,3.07162252999244e-05,0.318331671599246,0.711284690294908
2,FALSE,13,"perceptual_abilities",0.559326147234674,50,1.63004024612104e-05,0.338021530982708,0.722017508491364
2,FALSE,14,"perceptual_abilities",0.565463496958978,50,1.25406243866061e-05,0.345948239094079,0.726286752960941
2,FALSE,15,"perceptual_abilities",0.587416566787075,50,4.69620758800513e-06,0.374560627008591,0.741456788726005
2,FALSE,16,"perceptual_abilities",0.568205220102775,50,1.11354595034754e-05,0.349499472982894,0.728189941122529
2,FALSE,17,"perceptual_abilities",0.574055913120475,50,8.61025910791808e-06,0.357098690096712,0.73224301118488
2,FALSE,18,"perceptual_abilities",0.579544203729431,50,6.73403919782657e-06,0.364253400790725,0.73603486844812
2,FALSE,19,"perceptual_abilities",0.575509377992397,50,8.0711506395322e-06,0.358990998179713,0.733248164983387
2,FALSE,20,"perceptual_abilities",0.578375121320213,50,7.09863550083258e-06,0.362727214563734,0.735227972271386
2,FALSE,21,"perceptual_abilities",0.58278325410986,50,5.81255583536913e-06,0.368487888887397,0.738268128216565
2,FALSE,22,"perceptual_abilities",0.563981684334027,50,1.3366639661645e-05,0.344031526757569,0.725257113908226
2,FALSE,23,"perceptual_abilities",0.55286939204502,50,2.13595278126225e-05,0.329716048200084,0.717512667151429
2,FALSE,24,"perceptual_abilities",0.559790375368874,50,1.59831884497348e-05,0.338620010257014,0.722340867144961
2,FALSE,25,"perceptual_abilities",0.521083104166718,50,7.47419971195597e-05,0.289326030620015,0.695132918442665
2,FALSE,1,"musical_training",0.236187901143005,50,0.0918506373754449,-0.0392417757628325,0.478261513599219
2,FALSE,2,"musical_training",0.25447013313132,50,0.0686828020478158,-0.0198055839383491,0.493125370135317
2,FALSE,3,"musical_training",0.181699233136638,50,0.197341532878746,-0.0959593022633361,0.433122819567964
2,FALSE,4,"musical_training",0.218632577883316,50,0.11943204831324,-0.0577110657761434,0.463856919750129
2,FALSE,5,"musical_training",0.235296409475601,50,0.0931194534998014,-0.0401842381993001,0.477533147569463
2,FALSE,6,"musical_training",0.261401207685674,50,0.0612259443484136,-0.0123824298675095,0.498724294272941
2,FALSE,7,"musical_training",0.329948196326952,50,0.0169048333308021,0.0626929356391382,0.553050230813241
2,FALSE,8,"musical_training",0.393915305237887,50,0.00386059070013245,0.135590962457094,0.602091067566303
2,FALSE,9,"musical_training",0.38477917534653,50,0.00485406259997147,0.125005197369347,0.595181637036866
2,FALSE,10,"musical_training",0.369343526758101,50,0.00704656304554098,0.107253737683415,0.583436923879754
2,FALSE,11,"musical_training",0.383969495134109,50,0.0049520698197247,0.12406988911244,0.594567791401177
2,FALSE,12,"musical_training",0.415958590650905,50,0.00216297041855933,0.161377022060182,0.618634473573744
2,FALSE,13,"musical_training",0.443442056196281,50,0.000992909036429382,0.194021320438356,0.639012028510035
2,FALSE,14,"musical_training",0.473434943875634,50,0.000392906141419847,0.230287954956158,0.660941286736614
2,FALSE,15,"musical_training",0.517525453441719,50,8.53349747033819e-05,0.284856189413766,0.6926069157458
2,FALSE,16,"musical_training",0.50319448445583,50,0.000143433253114987,0.266952615538576,0.682387966977029
2,FALSE,17,"musical_training",0.500179058467916,50,0.000159529241333614,0.263206118143976,0.680228808397367
2,FALSE,18,"musical_training",0.524595647779726,50,6.54787214843641e-05,0.293749136872296,0.697622684798467
2,FALSE,19,"musical_training",0.528933497490977,50,5.5495081816942e-05,0.299225171301834,0.70069168946311
2,FALSE,20,"musical_training",0.524235758791918,50,6.63769088238418e-05,0.293295498257015,0.697367779760375
2,FALSE,21,"musical_training",0.530362649952184,50,5.25253250347902e-05,0.301032631174199,0.701701416806488
2,FALSE,22,"musical_training",0.531734563354971,50,4.98124941794829e-05,0.302769251815837,0.702670056466714
2,FALSE,23,"musical_training",0.522107252969771,50,7.19242035426453e-05,0.290614649963791,0.695859288603752
2,FALSE,24,"musical_training",0.51694789315971,50,8.71789698564499e-05,0.284131494635725,0.692196430910684
2,FALSE,25,"musical_training",0.492281014511373,50,0.000209800085469343,0.253427003395971,0.674558663122332
2,FALSE,1,"singing_abilities",0.163785230972608,50,0.245960687500929,-0.114220401772294,0.418002092674828
2,FALSE,2,"singing_abilities",0.142301825457136,50,0.314251462491822,-0.135875095701601,0.399680852570842
2,FALSE,3,"singing_abilities",0.0622999534606518,50,0.66083752021662,-0.214242853039854,0.329596577539267
2,FALSE,4,"singing_abilities",0.157671180007258,50,0.264274809220235,-0.120410211288671,0.412808942789287
2,FALSE,5,"singing_abilities",0.177933053572257,50,0.206948246105656,-0.0998140336597151,0.429955594094201
2,FALSE,6,"singing_abilities",0.169307763866795,50,0.230177203378961,-0.108610824866398,0.422678581065669
2,FALSE,7,"singing_abilities",0.244951757132653,50,0.0800828261940225,-0.0299506875134392,0.485404069696939
2,FALSE,8,"singing_abilities",0.280930622733519,50,0.0436535388248507,0.00869707445400293,0.514394354763515
2,FALSE,9,"singing_abilities",0.26645477940867,50,0.0562102200067,-0.0069509842200042,0.502794124554783
2,FALSE,10,"singing_abilities",0.23450875773961,50,0.094251789628527,-0.0410165160295153,0.47688934363123
2,FALSE,11,"singing_abilities",0.24991882346265,50,0.0739609527382361,-0.0246636267416318,0.489438035733058
2,FALSE,12,"singing_abilities",0.264627190083475,50,0.0579843721078425,-0.00891709290933849,0.501323507011481
2,FALSE,13,"singing_abilities",0.298343647197722,50,0.0316917297165106,0.0276984859632054,0.528236006357403
2,FALSE,14,"singing_abilities",0.321298588500753,50,0.0202033424313417,0.0530498090200308,0.546298128523393
2,FALSE,15,"singing_abilities",0.347884960573469,50,0.0114997951935196,0.0828502743275146,0.566959340653017
2,FALSE,16,"singing_abilities",0.296011854568597,50,0.0331148492618973,0.0251425984754459,0.52638951765169
2,FALSE,17,"singing_abilities",0.298929642965693,50,0.0313421978673407,0.0283413552140348,0.528699700234866
2,FALSE,18,"singing_abilities",0.316168913654998,50,0.022405388169539,0.0473544608498075,0.542279912983488
2,FALSE,19,"singing_abilities",0.32288768535184,50,0.0195594925175718,0.0548176906448959,0.547540814288285
2,FALSE,20,"singing_abilities",0.31225886285633,50,0.0242167672935102,0.0430249376039876,0.539210099977025
2,FALSE,21,"singing_abilities",0.31090401760068,50,0.0248724570329221,0.0415270990917225,0.538144991049532
2,FALSE,22,"singing_abilities",0.294602701593135,50,0.0340002920342076,0.0235997348328197,0.525272589959071
2,FALSE,23,"singing_abilities",0.272303209728186,50,0.0508252984577797,-0.000645043163180618,0.50749104059527
2,FALSE,24,"singing_abilities",0.270153549942116,50,0.0527536922468148,-0.00296539225239793,0.505766256485868
2,FALSE,25,"singing_abilities",0.228858578409215,50,0.102691063132897,-0.0469756304705464,0.472263412246689
2,FALSE,1,"emotions",0.131875556573922,50,0.35137276659259,-0.146289559724011,0.390714497535643
2,FALSE,2,"emotions",0.204456210426711,50,0.145967559262903,-0.0724886997019064,0.452129440265321
2,FALSE,3,"emotions",0.123268720306401,50,0.383960514708784,-0.154840442160484,0.383275619158456
2,FALSE,4,"emotions",0.0943288566436436,50,0.50594479676808,-0.183289776196738,0.35801306864258
2,FALSE,5,"emotions",0.0972799624052614,50,0.492667049073688,-0.180409828177912,0.360606983269394
2,FALSE,6,"emotions",0.175302869235412,50,0.213849493754875,-0.102501124659471,0.42774001619505
2,FALSE,7,"emotions",0.220710267112282,50,0.115873046407978,-0.0555350321982191,0.465568508884061
2,FALSE,8,"emotions",0.293509417591682,50,0.0347006980572533,0.0224036007514217,0.52440547951938
2,FALSE,9,"emotions",0.317000566693645,50,0.0220352171605231,0.0482766385644891,0.542932072980408
2,FALSE,10,"emotions",0.331043809470943,50,0.0165217278524806,0.0639179651076738,0.553903408010945
2,FALSE,11,"emotions",0.374362910308204,50,0.00625421317189623,0.113007903699465,0.587265934458067
2,FALSE,12,"emotions",0.402934459564087,50,0.00306009247394996,0.146099364714703,0.608881585301386
2,FALSE,13,"emotions",0.405955512457055,50,0.00282689348723148,0.149632262097837,0.611149406565592
2,FALSE,14,"emotions",0.415347903047025,50,0.00219912279097148,0.160657932042617,0.618178562507175
2,FALSE,15,"emotions",0.417749329649261,50,0.00205998557190849,0.163487192648765,0.619970569863332
2,FALSE,16,"emotions",0.405006620324961,50,0.00289838502978751,0.14852189761961,0.610437462071879
2,FALSE,17,"emotions",0.39771663940091,50,0.00350312056669802,0.140012900579541,0.604956766901852
2,FALSE,18,"emotions",0.410880492010591,50,0.00248033054922648,0.155405726920442,0.614839244525253
2,FALSE,19,"emotions",0.409555760227368,50,0.00256963272513921,0.153851049922058,0.613847620940311
2,FALSE,20,"emotions",0.39818904942761,50,0.00346080235088044,0.140563155100916,0.605312526451628
2,FALSE,21,"emotions",0.414908356286675,50,0.00222547496892063,0.160140529153002,0.617850332780413
2,FALSE,22,"emotions",0.407352133065263,50,0.00272450815124057,0.151267721635131,0.612196673730073
2,FALSE,23,"emotions",0.383322406135822,50,0.00503163924688124,0.123322731218133,0.594077035038676
2,FALSE,24,"emotions",0.367854101316195,50,0.00729789265926988,0.105549648088898,0.582298889379204
2,FALSE,25,"emotions",0.360124135317494,50,0.00873140849169237,0.0967302736259077,0.576379076169147
2,FALSE,1,"general_sophistication",0.232489292340873,50,0.0972039019382849,-0.0431486531308578,0.475237501472143
2,FALSE,2,"general_sophistication",0.250833487770548,50,0.0728751901056321,-0.0236883592388773,0.490179757600468
2,FALSE,3,"general_sophistication",0.175232471292509,50,0.214036393677299,-0.10257299006497,0.427680673650888
2,FALSE,4,"general_sophistication",0.221720564938046,50,0.114171924623984,-0.0544759642990215,0.466400125406955
2,FALSE,5,"general_sophistication",0.246527525433391,50,0.0780989424661207,-0.0282750674054039,0.486684927951203
2,FALSE,6,"general_sophistication",0.270529757091132,50,0.0524119935166305,-0.00255952534895578,0.506068243137962
2,FALSE,7,"general_sophistication",0.341890093113854,50,0.0131114124238967,0.076089026327714,0.562324462396642
2,FALSE,8,"general_sophistication",0.384693737567093,50,0.0048643234454364,0.124906481473923,0.595116875386043
2,FALSE,9,"general_sophistication",0.383335161667554,50,0.00503005999829285,0.123337456478021,0.594086710430141
2,FALSE,10,"general_sophistication",0.360961558224746,50,0.00856515497440251,0.0976837236373754,0.577021495003061
2,FALSE,11,"general_sophistication",0.382168459332719,50,0.00517631839477923,0.121991063767131,0.593201485012292
2,FALSE,12,"general_sophistication",0.427219958255353,50,0.00158448411180977,0.174686013333959,0.627017294454999
2,FALSE,13,"general_sophistication",0.459410509987655,50,0.000612522168076003,0.21324547476816,0.650727047824293
2,FALSE,14,"general_sophistication",0.492451340873161,50,0.000208578964140569,0.253637382449664,0.674681170752397
2,FALSE,15,"general_sophistication",0.523491080521651,50,6.82714128021949e-05,0.292357164412859,0.696840193987834
2,FALSE,16,"general_sophistication",0.495623250689773,50,0.000186988929228769,0.257559307530831,0.676960741286196
2,FALSE,17,"general_sophistication",0.499547727690342,50,0.000163101029393314,0.262422628965994,0.679776355868704
2,FALSE,18,"general_sophistication",0.523812648893501,50,6.74473234605593e-05,0.292762302909093,0.69706804008475
2,FALSE,19,"general_sophistication",0.526840850182162,50,6.0122387927518e-05,0.296581555258598,0.699211946191409
2,FALSE,20,"general_sophistication",0.521276836547382,50,7.42013343617692e-05,0.289569726979562,0.695270348998572
2,FALSE,21,"general_sophistication",0.525994159777092,50,6.20932135549511e-05,0.29551294329423,0.698612818345741
2,FALSE,22,"general_sophistication",0.518426760620731,50,8.25285983771512e-05,0.285987637813538,0.693247268159153
2,FALSE,23,"general_sophistication",0.501082756552012,50,0.000154540582314803,0.264328162692353,0.680876218310663
2,FALSE,24,"general_sophistication",0.496011758498106,50,0.000184489453571597,0.258040219935491,0.677239712972955
2,FALSE,25,"general_sophistication",0.460313291356356,50,0.000595600445325486,0.214338041069929,0.651386650906338
2,FALSE,1,"mpt_total_score",0.28385774327503,48,0.0457479952283891,0.00598272691115026,0.521037673317803
2,FALSE,2,"mpt_total_score",0.248729609441716,48,0.0815454665736299,-0.0318211961188171,0.4929488432947
2,FALSE,3,"mpt_total_score",0.220072182116831,48,0.124616514611785,-0.0620782375447291,0.469650700343362
2,FALSE,4,"mpt_total_score",0.280215654081489,48,0.0487247650603473,0.00202595473012528,0.518149096484705
2,FALSE,5,"mpt_total_score",0.314865687257301,48,0.0259401007044889,0.0400259268403186,0.54541230140449
2,FALSE,6,"mpt_total_score",0.309343220276324,48,0.0288163617856059,0.0339158229951061,0.541099571256874
2,FALSE,7,"mpt_total_score",0.304544204561835,48,0.0315272447157147,0.028622819064356,0.53734188931856
2,FALSE,8,"mpt_total_score",0.342726871365437,48,0.0148325338653245,0.0711684242823764,0.56698571593085
2,FALSE,9,"mpt_total_score",0.343974102166336,48,0.014449461300545,0.072575037538812,0.567944328041255
2,FALSE,10,"mpt_total_score",0.336650070520053,48,0.0168252739100008,0.0643304907448242,0.562306427209852
2,FALSE,11,"mpt_total_score",0.356516281440938,48,0.0110440509247881,0.0867802431748872,0.577550491855862
2,FALSE,12,"mpt_total_score",0.340182573491461,48,0.0156409115448038,0.0683023379971901,0.565028302652695
2,FALSE,13,"mpt_total_score",0.348471862476419,48,0.0131373711781083,0.0776565452245475,0.571396233186766
2,FALSE,14,"mpt_total_score",0.313604768436967,48,0.0265747034892957,0.0386290225531241,0.544428670360542
2,FALSE,15,"mpt_total_score",0.352895202812912,48,0.0119478402028597,0.0826677354321079,0.574783347232328
2,FALSE,16,"mpt_total_score",0.341903252861251,48,0.0150902207699488,0.0702401480692588,0.566352355831831
2,FALSE,17,"mpt_total_score",0.305889763926111,48,0.0307466213747917,0.0301053246687603,0.538396410366604
2,FALSE,18,"mpt_total_score",0.327098119828645,48,0.0204158517646266,0.0536335785519032,0.55492185929418
2,FALSE,19,"mpt_total_score",0.364382299233335,48,0.00928125379960585,0.0957455737686715,0.583544071055101
2,FALSE,20,"mpt_total_score",0.370689546354227,48,0.00804877501632194,0.102965911247664,0.588332745385779
2,FALSE,21,"mpt_total_score",0.374406597364102,48,0.00739102137605665,0.107234328171054,0.591147724448976
2,FALSE,22,"mpt_total_score",0.368012468072243,48,0.00855338795999428,0.0998978264387273,0.586302080373114
2,FALSE,23,"mpt_total_score",0.368568535230641,48,0.00844637670960104,0.10053469195257,0.586724104170536
2,FALSE,24,"mpt_total_score",0.360998381461788,48,0.0100073220846383,0.0918833884236326,0.580968589165716
2,FALSE,25,"mpt_total_score",0.332968871541931,48,0.018139738193878,0.0602006136570479,0.559464765769996
1,TRUE,1,"active_engagement",0.18840653557346,69,0.115605311933948,-0.046961432809971,0.403954084789843
1,TRUE,2,"active_engagement",0.237118780285348,69,0.0464778503852593,0.00403845643770039,0.445762615816621
1,TRUE,3,"active_engagement",0.161420217050442,69,0.178674793115854,-0.074696585920161,0.380398178765115
1,TRUE,4,"active_engagement",0.279191442828611,69,0.0183813170734789,0.0490849243222502,0.481154501855134
1,TRUE,5,"active_engagement",0.215573901109392,69,0.0709950433427928,-0.0186687634104849,0.427382762705305
1,TRUE,6,"active_engagement",0.142307084373349,69,0.236471200725771,-0.094121558300247,0.363540976580659
1,TRUE,7,"active_engagement",0.19571489117043,69,0.101899845167286,-0.0393873073293512,0.410284613387646
1,TRUE,8,"active_engagement",0.253141311064747,69,0.0331740694251759,0.0210826959955851,0.459318254199704
1,TRUE,9,"active_engagement",0.300548398113014,69,0.0108750413007152,0.0723153485624238,0.498871714717866
1,TRUE,10,"active_engagement",0.282897453397409,69,0.0168264275643034,0.0530982592455941,0.484240795138951
1,TRUE,11,"active_engagement",0.316734173496113,69,0.00712075121925084,0.0900874774803603,0.512189526574558
1,TRUE,12,"active_engagement",0.323420251710331,69,0.00593818830860577,0.0974712236751976,0.51766359995646
1,TRUE,13,"active_engagement",0.346976768125225,69,0.00303202838890018,0.123685495594046,0.536824069984998
1,TRUE,14,"active_engagement",0.369925728514773,69,0.00149748915001161,0.149526923629965,0.555303927272716
1,TRUE,15,"active_engagement",0.359295146806054,69,0.00208959164928153,0.137518922582921,0.546766254599784
1,TRUE,16,"active_engagement",0.347096068510192,69,0.00302132746973839,0.123819053941138,0.536920611044666
1,TRUE,17,"active_engagement",0.350906700906701,69,0.0026967665219399,0.12808936711242,0.540001663250477
1,TRUE,18,"active_engagement",0.342146579633529,69,0.00349470217254291,0.118284822022013,0.532911172501444
1,TRUE,19,"active_engagement",0.347014418281065,69,0.00302864762735464,0.123727644564106,0.536854538034173
1,TRUE,20,"active_engagement",0.352037718316692,69,0.00260662577114824,0.129358412403855,0.54091516282007
1,TRUE,21,"active_engagement",0.358103899393168,69,0.00216757593608895,0.136177373173949,0.545807100260156
1,TRUE,22,"active_engagement",0.349759181981088,69,0.00279105919814773,0.126802551751834,0.539074380222593
1,TRUE,23,"active_engagement",0.349853271152966,69,0.00278321844658761,0.12690803409961,0.539150428743283
1,TRUE,24,"active_engagement",0.329920891683773,69,0.00495796894354958,0.104674109737162,0.522970646323784
1,TRUE,25,"active_engagement",0.323459168499434,69,0.0059318454441271,0.0975142742242866,0.517695415703116
1,TRUE,1,"perceptual_abilities",0.186394459765073,69,0.119616878493386,-0.0490419376810997,0.40220758428198
1,TRUE,2,"perceptual_abilities",0.180066336454785,69,0.132930214260011,-0.0555719849679307,0.396704457295554
1,TRUE,3,"perceptual_abilities",0.124631421154518,69,0.300404224231229,-0.111926805961257,0.347821556205997
1,TRUE,4,"perceptual_abilities",0.204604402849408,69,0.0869733440035016,-0.0301379661695056,0.417956972862208
1,TRUE,5,"perceptual_abilities",0.174807079053832,69,0.144824410642987,-0.0609837646927196,0.392118968650309
1,TRUE,6,"perceptual_abilities",0.116579280795138,69,0.332952075953498,-0.119987930797085,0.340618736516828
1,TRUE,7,"perceptual_abilities",0.136386446023235,69,0.256742912775869,-0.10010249613457,0.358289596068678
1,TRUE,8,"perceptual_abilities",0.22591296233676,69,0.0581775679379627,-0.00780198583533345,0.43622488054659
1,TRUE,9,"perceptual_abilities",0.241156105369469,69,0.0427692739763219,0.00832050469001126,0.449187380593619
1,TRUE,10,"perceptual_abilities",0.21519634704517,69,0.071502829540417,-0.0190645436265052,0.427059104190162
1,TRUE,11,"perceptual_abilities",0.254988557298817,69,0.031869291988666,0.0230564461977929,0.460874941322608
1,TRUE,12,"perceptual_abilities",0.246078602315771,69,0.0385820858386066,0.0135529578782492,0.453354760485072
1,TRUE,13,"perceptual_abilities",0.276528797061089,69,0.0195729747370187,0.0462060559745847,0.47893400741141
1,TRUE,14,"perceptual_abilities",0.290527141243548,69,0.0139776021132878,0.0613840860122051,0.490578913180843
1,TRUE,15,"perceptual_abilities",0.304370929354291,69,0.00986013445954788,0.0764994910283971,0.502025400766297
1,TRUE,16,"perceptual_abilities",0.291625129923481,69,0.0136040333322157,0.0625791049159919,0.491489293056093
1,TRUE,17,"perceptual_abilities",0.306367513557503,69,0.00936361455401774,0.0786881474037178,0.503670546666335
1,TRUE,18,"perceptual_abilities",0.306446471508168,69,0.00934443562609137,0.0787747462790626,0.50373557705433
1,TRUE,19,"perceptual_abilities",0.324913165965435,69,0.00569910389446848,0.0991233221721505,0.51888372128855
1,TRUE,20,"perceptual_abilities",0.317117144819918,69,0.00704781590256641,0.0905097388415759,0.512503504895884
1,TRUE,21,"perceptual_abilities",0.317956439245584,69,0.00689026595148347,0.0914354237241751,0.513191416190107
1,TRUE,22,"perceptual_abilities",0.309189429317166,69,0.00869910210836793,0.0817852804052016,0.50599331138475
1,TRUE,23,"perceptual_abilities",0.319799999148709,69,0.00655501918014785,0.0934701206904935,0.514701573958829
1,TRUE,24,"perceptual_abilities",0.324645499161138,69,0.00574133445774099,0.0988270233788024,0.518665022060802
1,TRUE,25,"perceptual_abilities",0.326072761161359,69,0.00551929929999157,0.100407420466795,0.519830884305289
1,TRUE,1,"musical_training",0.128225483971128,69,0.286570224139658,-0.108318655118119,0.35102804413041
1,TRUE,2,"musical_training",0.108919350835002,69,0.365902986335941,-0.127627564450387,0.333742263053947
1,TRUE,3,"musical_training",0.140772552376795,69,0.241615709725136,-0.0956733590687547,0.362181253688034
1,TRUE,4,"musical_training",0.263736137556951,69,0.0262602569076046,0.0324277001662325,0.468229422302705
1,TRUE,5,"musical_training",0.267517600856033,69,0.0241075893084946,0.0364913991985981,0.471399919976681
1,TRUE,6,"musical_training",0.221674326198981,69,0.0631840585959438,-0.0122636526941502,0.432604841837058
1,TRUE,7,"musical_training",0.231141899644748,69,0.052450610449435,-0.00228505913947647,0.44068133387678
1,TRUE,8,"musical_training",0.316781136852685,69,0.00711177173771366,0.0901392545482607,0.512228032204925
1,TRUE,9,"musical_training",0.338772958101185,69,0.00385411198988338,0.114520587239338,0.530173380733218
1,TRUE,10,"musical_training",0.345338587470291,69,0.00318242641217354,0.121852348715167,0.535497907392972
1,TRUE,11,"musical_training",0.383761074669538,69,0.000954171974975954,0.165252911640506,0.56635720998933
1,TRUE,12,"musical_training",0.385919544822127,69,0.000887799359259725,0.167716403858597,0.568075743746924
1,TRUE,13,"musical_training",0.414652354782749,69,0.000324150750709567,0.200771216713976,0.590801942757892
1,TRUE,14,"musical_training",0.409226811585105,69,0.000394821095370954,0.194492038226925,0.586531913720432
1,TRUE,15,"musical_training",0.397220317467433,69,0.000603783876219324,0.18065877063178,0.577047351923052
1,TRUE,16,"musical_training",0.375357485085713,69,0.00125756920888037,0.155687679651163,0.559651268742872
1,TRUE,17,"musical_training",0.387953825799569,69,0.00082910592545673,0.170040654351803,0.56969394756877
1,TRUE,18,"musical_training",0.397734861466469,69,0.000593084146022477,0.181249849850167,0.577454814559768
1,TRUE,19,"musical_training",0.417062594014607,69,0.000296640558605445,0.203566323373688,0.592695696967979
1,TRUE,20,"musical_training",0.430580645746941,69,0.000178148488447556,0.219307702089693,0.603281127185482
1,TRUE,21,"musical_training",0.446342923381904,69,9.56233596971843e-05,0.237802376071282,0.615547554248166
1,TRUE,22,"musical_training",0.432920641879658,69,0.000162740995003436,0.222043773534513,0.60510732456023
1,TRUE,23,"musical_training",0.439675605339598,69,0.000124875749503052,0.229960778970801,0.610368938539915
1,TRUE,24,"musical_training",0.415371403913725,69,0.000315708696597858,0.201604719421219,0.591367111604793
1,TRUE,25,"musical_training",0.418461348556948,69,0.000281673047025365,0.205190028736018,0.593793825606568
1,TRUE,1,"singing_abilities",0.199290177588859,69,0.0956732289187058,-0.0356721376079188,0.413374027315619
1,TRUE,2,"singing_abilities",0.129436564382397,69,0.282004979037712,-0.107101422052341,0.352107348834535
1,TRUE,3,"singing_abilities",0.113664642050704,69,0.345262368059495,-0.122898152599649,0.338005028502194
1,TRUE,4,"singing_abilities",0.152847531431029,69,0.203178451617827,-0.0834313564545501,0.372855283445576
1,TRUE,5,"singing_abilities",0.171251463677347,69,0.15330620756024,-0.0646346580526508,0.389012736181837
1,TRUE,6,"singing_abilities",0.104892682020851,69,0.383995426372259,-0.131632339496644,0.330117820848756
1,TRUE,7,"singing_abilities",0.116014139358039,69,0.335317086855459,-0.120552533715509,0.340112215299169
1,TRUE,8,"singing_abilities",0.161193640337663,69,0.17929342724296,-0.0749279136420095,0.380199193604434
1,TRUE,9,"singing_abilities",0.164397985313556,69,0.170688291124998,-0.0716540143938659,0.383011444193749
1,TRUE,10,"singing_abilities",0.153411202471812,69,0.201497314590007,-0.0828581409969442,0.373352138432428
1,TRUE,11,"singing_abilities",0.19400527404338,69,0.104986638389629,-0.0411615190796563,0.408805586356468
1,TRUE,12,"singing_abilities",0.184011798599223,69,0.124504240384511,-0.0515029918612246,0.400137379011776
1,TRUE,13,"singing_abilities",0.210524342064296,69,0.0780303605936691,-0.0239560185737237,0.423049526874308
1,TRUE,14,"singing_abilities",0.220384637228134,69,0.0647746598288248,-0.0136193573308686,0.431502022204274
1,TRUE,15,"singing_abilities",0.211093340857914,69,0.0772108785727894,-0.0233608905511921,0.423538294772405
1,TRUE,16,"singing_abilities",0.169025717430293,69,0.158800462185613,-0.0669168373576103,0.387065771729288
1,TRUE,17,"singing_abilities",0.163937495026565,69,0.171905945189006,-0.0721248133519756,0.382607550223357
1,TRUE,18,"singing_abilities",0.144577093661179,69,0.229000756945072,-0.0918238948941789,0.365550666377788
1,TRUE,19,"singing_abilities",0.155098485143916,69,0.196524387667753,-0.0811413533202438,0.374838661363611
1,TRUE,20,"singing_abilities",0.164652113215177,69,0.170019023942917,-0.0713941524622887,0.383234302852307
1,TRUE,21,"singing_abilities",0.164882201541514,69,0.169414728198958,-0.0711588448815761,0.383436057941988
1,TRUE,22,"singing_abilities",0.155919168932717,69,0.194137630193562,-0.0803058114427174,0.375561288652388
1,TRUE,23,"singing_abilities",0.166021962223068,69,0.166444518596827,-0.0699928426813558,0.384435160207897
1,TRUE,24,"singing_abilities",0.149888001215636,69,0.212169180138023,-0.0864384357159777,0.370244496157115
1,TRUE,25,"singing_abilities",0.157262625816127,69,0.190275551745132,-0.0789373150152389,0.376743651211395
1,TRUE,1,"emotions",0.226059861920955,69,0.0580100123708702,-0.00764718959436555,0.436350219293107
1,TRUE,2,"emotions",0.185448383844127,69,0.121539588020079,-0.050019483205806,0.401385838339729
1,TRUE,3,"emotions",0.121812594578972,69,0.311553847540922,-0.11475232402171,0.345303046331881
1,TRUE,4,"emotions",0.188625323640512,69,0.115175416786001,-0.046735080773382,0.404143900190226
1,TRUE,5,"emotions",0.133391698238412,69,0.267433418648881,-0.103121249691953,0.355628010765644
1,TRUE,6,"emotions",0.0932826822737289,69,0.439077801235496,-0.143136152234454,0.319630240111851
1,TRUE,7,"emotions",0.175593793000607,69,0.142996179590805,-0.0601751162597279,0.392805583452914
1,TRUE,8,"emotions",0.253124366925597,69,0.033186241554788,0.0210645998483347,0.459303969393012
1,TRUE,9,"emotions",0.357149175245442,69,0.00223194909624283,0.135102776864939,0.545038031629019
1,TRUE,10,"emotions",0.331373402735479,69,0.00475959506436143,0.106286768022756,0.524154416962697
1,TRUE,11,"emotions",0.357661302112807,69,0.00219720857724176,0.13567913983048,0.545450609699251
1,TRUE,12,"emotions",0.348976529647215,69,0.00285704851882298,0.125925324110127,0.538441673940117
1,TRUE,13,"emotions",0.360303258046032,69,0.00202557246767145,0.138654865182891,0.547577569345002
1,TRUE,14,"emotions",0.378982797251778,69,0.00111735937742863,0.159809078546965,0.562547177725655
1,TRUE,15,"emotions",0.386305546278831,69,0.000876380959696698,0.168157240157914,0.5683829035649
1,TRUE,16,"emotions",0.356400715888899,69,0.00228360698685619,0.134260708412706,0.544434896386115
1,TRUE,17,"emotions",0.368159617644124,69,0.00158394973795498,0.147527461848872,0.553888223076798
1,TRUE,18,"emotions",0.365739717419441,69,0.0017097130565914,0.144790752654485,0.551946699667418
1,TRUE,19,"emotions",0.365254043591945,69,0.00173601020677325,0.144241902301227,0.551556792633599
1,TRUE,20,"emotions",0.359197496265633,69,0.00209588825632348,0.137408920659954,0.54668764801526
1,TRUE,21,"emotions",0.40016059078397,69,0.000544929370824983,0.184038499649977,0.579374521997946
1,TRUE,22,"emotions",0.385594650470995,69,0.00089751447570204,0.167345423080827,0.567817170435032
1,TRUE,23,"emotions",0.390550589147845,69,0.000759304185095642,0.17301109124265,0.571757542248067
1,TRUE,24,"emotions",0.372409485039791,69,0.00138308701136648,0.152341904766996,0.557293075792041
1,TRUE,25,"emotions",0.37599194336495,69,0.0012319395125634,0.156408405343558,0.560158400819591
1,TRUE,1,"general_sophistication",0.168337526544912,69,0.160528411721279,-0.0676219777674149,0.386463385151852
1,TRUE,2,"general_sophistication",0.147674729515521,69,0.219074099828084,-0.0886844559550852,0.368289752502256
1,TRUE,3,"general_sophistication",0.141394865784567,69,0.239520198438832,-0.0950441809936508,0.36273278869934
1,TRUE,4,"general_sophistication",0.233916271875104,69,0.0496044290743465,0.000647895768525459,0.443041654624726
1,TRUE,5,"general_sophistication",0.225831223803453,69,0.0582709701260087,-0.00788811341221885,0.436155135458465
1,TRUE,6,"general_sophistication",0.166555419070419,69,0.16506756409643,-0.0694468820266606,0.384902607171446
1,TRUE,7,"general_sophistication",0.196381912611625,69,0.100714849223887,-0.0386946815017965,0.410861362224513
1,TRUE,8,"general_sophistication",0.262302721665059,69,0.0271176637411999,0.0308892952176229,0.467026223493846
1,TRUE,9,"general_sophistication",0.307203971023119,69,0.00916217341999479,0.0796057252411226,0.504359345993901
1,TRUE,10,"general_sophistication",0.29589529403757,69,0.0122320144807096,0.067232879398719,0.495025683945819
1,TRUE,11,"general_sophistication",0.341448449722042,69,0.00356652958847912,0.117505331136559,0.532344947370517
1,TRUE,12,"general_sophistication",0.339183403188463,69,0.00380869803781267,0.114978211716996,0.530506682216497
1,TRUE,13,"general_sophistication",0.370414283043314,69,0.00147433475479236,0.150080347864374,0.555695360124038
1,TRUE,14,"general_sophistication",0.385591442525009,69,0.00089761087948133,0.167341760394204,0.567814617151265
1,TRUE,15,"general_sophistication",0.375415465986877,69,0.00125520717242285,0.155753534517748,0.559697619483289
1,TRUE,16,"general_sophistication",0.346178943394379,69,0.00310446425257456,0.122792528237177,0.536178321072533
1,TRUE,17,"general_sophistication",0.35563222823711,69,0.00233775913588284,0.133396440421353,0.543815419252643
1,TRUE,18,"general_sophistication",0.347414305847561,69,0.00299294705705244,0.12417536439356,0.537178112885472
1,TRUE,19,"general_sophistication",0.35759412485222,69,0.00220173780770323,0.135603527960171,0.545396495746805
1,TRUE,20,"general_sophistication",0.369743516837468,69,0.00150620836644611,0.14932055344693,0.555157917139856
1,TRUE,21,"general_sophistication",0.378651540013495,69,0.00112955722715769,0.159432174701587,0.562282755414022
1,TRUE,22,"general_sophistication",0.365951118429757,69,0.00169837893943379,0.145029695219689,0.552116390487894
1,TRUE,23,"general_sophistication",0.374686110987028,69,0.00128521353625838,0.154925273293726,0.559114478947127
1,TRUE,24,"general_sophistication",0.352867316929864,69,0.00254223047906299,0.130289718125993,0.541584929427704
1,TRUE,25,"general_sophistication",0.354486338478264,69,0.00242064210483822,0.13210836034071,0.542891337614698
1,TRUE,1,"mpt_total_score",0.0228899129042349,66,0.853009576123112,-0.216717922385755,0.259896610291937
1,TRUE,2,"mpt_total_score",0.0126093191065892,66,0.918712718909862,-0.226496706442497,0.250281967713465
1,TRUE,3,"mpt_total_score",-0.112629233752582,66,0.36047542517702,-0.341873771013437,0.129267149968945
1,TRUE,4,"mpt_total_score",-0.0798607609316239,66,0.517389579542576,-0.312338670725088,0.161642126781297
1,TRUE,5,"mpt_total_score",-0.0879689441504601,66,0.475631556978244,-0.319688879299302,0.15367941935037
1,TRUE,6,"mpt_total_score",-0.0733151169629017,66,0.55240259006111,-0.306384555681789,0.168047471116329
1,TRUE,7,"mpt_total_score",-0.0530548844857419,66,0.667418663675112,-0.287838923554792,0.187745109815696
1,TRUE,8,"mpt_total_score",-0.0163441890638251,66,0.894756752424079,-0.253780332251516,0.222949706613281
1,TRUE,9,"mpt_total_score",-0.0290623562791501,66,0.814006284148912,-0.265646729130783,0.210823572171108
1,TRUE,10,"mpt_total_score",-0.0294275247487994,66,0.811711884458654,-0.26598638586146,0.210474308600289
1,TRUE,11,"mpt_total_score",-0.00530069138257577,66,0.965780834747136,-0.243418146012603,0.233419399036183
1,TRUE,12,"mpt_total_score",0.0245285817055853,66,0.842616577099616,-0.215154783630287,0.261424800344722
1,TRUE,13,"mpt_total_score",0.0283188193413541,66,0.818682823630089,-0.211534535119658,0.264954956270143
1,TRUE,14,"mpt_total_score",0.0417987614161587,66,0.735032354251511,-0.198605607766344,0.277458733600978
1,TRUE,15,"mpt_total_score",0.0483783508733452,66,0.695227134184729,-0.192264435750894,0.283532998370963
1,TRUE,16,"mpt_total_score",0.0683396023551547,66,0.579754845913312,-0.172902744325062,0.301846444667139
1,TRUE,17,"mpt_total_score",0.0654150690507572,66,0.596116217279487,-0.175751140922214,0.29917406353416
1,TRUE,18,"mpt_total_score",0.0673727978629184,66,0.585140853527074,-0.173844825929184,0.300963403546578
1,TRUE,19,"mpt_total_score",0.0726214478482651,66,0.55617854065361,-0.168725079817774,0.305752502787169
1,TRUE,20,"mpt_total_score",0.063034331023076,66,0.609585080279186,-0.178066921525615,0.296995880820383
1,TRUE,21,"mpt_total_score",0.0721006984853096,66,0.559021271529239,-0.169233622484541,0.305277874716275
1,TRUE,22,"mpt_total_score",0.0837745202998463,66,0.497004759815902,-0.157802509581135,0.315890040011526
1,TRUE,23,"mpt_total_score",0.104244800009802,66,0.397555170868035,-0.137600287605447,0.334359526596486
1,TRUE,24,"mpt_total_score",0.125074772453076,66,0.309501455796845,-0.116834433811138,0.352973843015763
1,TRUE,25,"mpt_total_score",0.137884090929385,66,0.26215720820542,-0.103958643080369,0.36433176516964
2,TRUE,1,"active_engagement",0.133562823079476,50,0.345189686591255,-0.144608374991801,0.392168847291339
2,TRUE,2,"active_engagement",0.131107950657865,50,0.354208073645697,-0.147053867388671,0.390052426942689
2,TRUE,3,"active_engagement",0.119927079582823,50,0.397080813072722,-0.158149166894028,0.380378323896859
2,TRUE,4,"active_engagement",0.115444558828414,50,0.415086172071695,-0.162577748554729,0.376483808984114
2,TRUE,5,"active_engagement",0.124937949886193,50,0.377504154749994,-0.153185314991452,0.384720973697293
2,TRUE,6,"active_engagement",0.181677117421527,50,0.197397005146496,-0.0959819623061517,0.433104239129494
2,TRUE,7,"active_engagement",0.184009278114698,50,0.191608093213616,-0.0935908147620732,0.435062419403373
2,TRUE,8,"active_engagement",0.199292020064244,50,0.156648465212439,-0.0778418733568735,0.447835949541459
2,TRUE,9,"active_engagement",0.226909124557681,50,0.105734260700974,-0.049027129101718,0.470664232556064
2,TRUE,10,"active_engagement",0.201958557769102,50,0.151063803878093,-0.0750797477833753,0.450054332300328
2,TRUE,11,"active_engagement",0.226697345059796,50,0.10606899197637,-0.0492498541500876,0.470490408700747
2,TRUE,12,"active_engagement",0.304807656852431,50,0.0280101822881803,0.0348022637914962,0.533343351929818
2,TRUE,13,"active_engagement",0.356392807984645,50,0.00950661744432181,0.0924878287915882,0.573513381042514
2,TRUE,14,"active_engagement",0.434685350824111,50,0.00128148707994401,0.183559975748249,0.632549050805862
2,TRUE,15,"active_engagement",0.452430788481896,50,0.000758700065142391,0.204819189160153,0.645617659113718
2,TRUE,16,"active_engagement",0.430310675104118,50,0.00145204406095121,0.178354916811571,0.629309921228579
2,TRUE,17,"active_engagement",0.457351639756777,50,0.000652746746821135,0.210756084816931,0.649221685598777
2,TRUE,18,"active_engagement",0.471753778915122,50,0.000414802523408129,0.228237106210286,0.659720519098858
2,TRUE,19,"active_engagement",0.46815612113025,50,0.000465414193830562,0.223855581373689,0.657104764853772
2,TRUE,20,"active_engagement",0.453463900705619,50,0.000735251835287111,0.206064106492337,0.646375023834452
2,TRUE,21,"active_engagement",0.461766379522202,50,0.000569247954471179,0.216097894652356,0.652447720858041
2,TRUE,22,"active_engagement",0.475071915086757,50,0.000372596692369431,0.232286969488189,0.662129010515884
2,TRUE,23,"active_engagement",0.474311538755651,50,0.000381909099981449,0.23135816816891,0.661577427349862
2,TRUE,24,"active_engagement",0.473611011388629,50,0.000390674597654183,0.230502864275314,0.661069079699716
2,TRUE,25,"active_engagement",0.457369062072264,50,0.000652396605821087,0.210777136813317,0.649234430396957
2,TRUE,1,"perceptual_abilities",0.2353373806979,50,0.093060843774632,-0.0401409352030542,0.477566629155624
2,TRUE,2,"perceptual_abilities",0.352073219674925,50,0.0104777120060402,0.0875884804905242,0.570189245942824
2,TRUE,3,"perceptual_abilities",0.333410377292042,50,0.0157193706081946,0.0665668276976311,0.555744708570604
2,TRUE,4,"perceptual_abilities",0.372021682296826,50,0.00661355642688809,0.110321762414369,0.585481125892278
2,TRUE,5,"perceptual_abilities",0.419274662171423,50,0.00197572773793485,0.165286450367918,0.621107718375172
2,TRUE,6,"perceptual_abilities",0.40392243380647,50,0.00298202412695349,0.147254006902562,0.60962360100556
2,TRUE,7,"perceptual_abilities",0.420397849433886,50,0.00191565879397449,0.166612425714517,0.621944521207992
2,TRUE,8,"perceptual_abilities",0.436304560253814,50,0.00122305489133073,0.185490114228187,0.633746205329215
2,TRUE,9,"perceptual_abilities",0.451775986594086,50,0.000773908216109486,0.204030556618704,0.645137433245572
2,TRUE,10,"perceptual_abilities",0.474801485234422,50,0.000375884833739729,0.231956588101335,0.661932861725386
2,TRUE,11,"perceptual_abilities",0.49485326830358,50,0.000192034008208344,0.256606537147499,0.676407694188735
2,TRUE,12,"perceptual_abilities",0.528132386565622,50,5.72264409365515e-05,0.298212720785833,0.70012538604939
2,TRUE,13,"perceptual_abilities",0.549604488954623,50,2.44360741665413e-05,0.325529431268546,0.715229507680192
2,TRUE,14,"perceptual_abilities",0.551532946629354,50,2.25728910816829e-05,0.328001249568069,0.716578513160684
2,TRUE,15,"perceptual_abilities",0.573998740814149,50,8.63213147118727e-06,0.357024292197835,0.73220345918437
2,TRUE,16,"perceptual_abilities",0.553497793262043,50,2.08100552160681e-05,0.330522861668273,0.717951704943476
2,TRUE,17,"perceptual_abilities",0.572141228403794,50,9.37138766778845e-06,0.354608621758007,0.730917844860845
2,TRUE,18,"perceptual_abilities",0.574944868627668,50,8.27670793499347e-06,0.358255835583074,0.732857856446481
2,TRUE,19,"perceptual_abilities",0.572262839802871,50,9.32125069743278e-06,0.354766686993698,0.731002048560608
2,TRUE,20,"perceptual_abilities",0.564114677043998,50,1.32905003482116e-05,0.344203476881409,0.725349553509456
2,TRUE,21,"perceptual_abilities",0.57368122971719,50,8.7545406629552e-06,0.356611167447987,0.731983784482658
2,TRUE,22,"perceptual_abilities",0.532121435566889,50,4.90711006552668e-05,0.303259244493863,0.702943093168173
2,TRUE,23,"perceptual_abilities",0.52702173262605,50,5.97088645846784e-05,0.296809922619591,0.699339909304488
2,TRUE,24,"perceptual_abilities",0.532235757665101,50,4.88539647301967e-05,0.303404062221989,0.70302376683704
2,TRUE,25,"perceptual_abilities",0.491482791765485,50,0.000215609955698504,0.252441377436933,0.67398440576004
2,TRUE,1,"musical_training",0.236187901143005,50,0.0918506373754449,-0.0392417757628325,0.478261513599219
2,TRUE,2,"musical_training",0.2223872606627,50,0.113059837609983,-0.0537767446849647,0.46694867252444
2,TRUE,3,"musical_training",0.19968953386677,50,0.155806441834341,-0.0774303794705051,0.448166848892424
2,TRUE,4,"musical_training",0.212954766844006,50,0.12958135985764,-0.0636442652819827,0.459170213972633
2,TRUE,5,"musical_training",0.250517951880472,50,0.0732483124566797,-0.0240248607335209,0.489923921606606
2,TRUE,6,"musical_training",0.290129590512861,50,0.0369419102923096,0.0187107203941234,0.521721823313784
2,TRUE,7,"musical_training",0.324422372525595,50,0.0189542666045767,0.0565266379773402,0.548740011391382
2,TRUE,8,"musical_training",0.335888415953713,50,0.0149150732556124,0.0693444949217808,0.557670403660444
2,TRUE,9,"musical_training",0.348447820074735,50,0.0113576339191182,0.0834863449277613,0.567393799294061
2,TRUE,10,"musical_training",0.32879411768272,50,0.0173165312021275,0.0614034049153425,0.552151018968717
2,TRUE,11,"musical_training",0.350672527821253,50,0.0108104437961677,0.0860025351899226,0.569109809141438
2,TRUE,12,"musical_training",0.389761900761806,50,0.00428753714696762,0.130771212034182,0.598953810438639
2,TRUE,13,"musical_training",0.425683723071277,50,0.00165424028627477,0.172864996880127,0.625876459347886
2,TRUE,14,"musical_training",0.466332069803364,50,0.000493151865442853,0.221637867152686,0.655776808497169
2,TRUE,15,"musical_training",0.511204517785339,50,0.000107606073850702,0.276939430828851,0.688108308075984
2,TRUE,16,"musical_training",0.50275050148101,50,0.000145706142810102,0.266400542976845,0.682070254621033
2,TRUE,17,"musical_training",0.507447076523794,50,0.000123245666254327,0.272248386568235,0.685427678092042
2,TRUE,18,"musical_training",0.525794690494753,50,6.25660595503932e-05,0.295261276084896,0.69847163635243
2,TRUE,19,"musical_training",0.538000244814868,50,3.89832647507689e-05,0.310719968014197,0.70708590154334
2,TRUE,20,"musical_training",0.493600036459955,50,0.000200511126308202,0.255056787048424,0.67550711061705
2,TRUE,21,"musical_training",0.504176914376331,50,0.000138518469966885,0.268174773697855,0.68309074914541
2,TRUE,22,"musical_training",0.495996156293504,50,0.000184589241167193,0.258020904553176,0.67722851066735
2,TRUE,23,"musical_training",0.495584927240815,50,0.000187237148314934,0.257511875435392,0.676933219949585
2,TRUE,24,"musical_training",0.496223005460874,50,0.000183143202602388,0.25830176041126,0.677391378975781
2,TRUE,25,"musical_training",0.483031328280659,50,0.000286751946650045,0.24203605842819,0.66789069411324
2,TRUE,1,"singing_abilities",0.163785230972608,50,0.245960687500929,-0.114220401772294,0.418002092674828
2,TRUE,2,"singing_abilities",0.147873511856823,50,0.295480447251173,-0.130284398348376,0.404452269025709
2,TRUE,3,"singing_abilities",0.099229071147693,50,0.483997922649357,-0.178505102360396,0.362317948359512
2,TRUE,4,"singing_abilities",0.176202192594649,50,0.211471914420041,-0.101582799453237,0.428497917047384
2,TRUE,5,"singing_abilities",0.196306510235809,50,0.163079629763608,-0.0809293652370979,0.44534856685959
2,TRUE,6,"singing_abilities",0.186295493102973,50,0.186051763332608,-0.0912436624496669,0.436979719397759
2,TRUE,7,"singing_abilities",0.209071743899761,50,0.136887463980621,-0.0676907192327659,0.455957090830132
2,TRUE,8,"singing_abilities",0.209710125130813,50,0.135665613045803,-0.0670260942408652,0.456485780843026
2,TRUE,9,"singing_abilities",0.218841491809002,50,0.119070476067181,-0.0574923818929914,0.464029104734492
2,TRUE,10,"singing_abilities",0.188389389050944,50,0.181065017944501,-0.0890912464102531,0.438733737520383
2,TRUE,11,"singing_abilities",0.205285335828486,50,0.144304333983261,-0.0716277433454559,0.452817704727671
2,TRUE,12,"singing_abilities",0.235891866014422,50,0.0922704671345072,-0.0395547909665719,0.478019684068198
2,TRUE,13,"singing_abilities",0.2775115738717,50,0.0463896589921568,0.00498909425061045,0.511662182079059
2,TRUE,14,"singing_abilities",0.31440685634087,50,0.0232070255221427,0.0454021179877492,0.54089725416389
2,TRUE,15,"singing_abilities",0.340292910942248,50,0.013572119975353,0.0742917755464235,0.561087274216964
2,TRUE,16,"singing_abilities",0.296133543459523,50,0.0330392918910093,0.0252758946472552,0.526485933838066
2,TRUE,17,"singing_abilities",0.309963275118064,50,0.0253364529580045,0.0404877803926651,0.537405001023973
2,TRUE,18,"singing_abilities",0.319309271879225,50,0.0210345359623465,0.0508390475727572,0.544741070458025
2,TRUE,19,"singing_abilities",0.327778557119796,50,0.0176858364146464,0.060269387772041,0.551359304816366
2,TRUE,20,"singing_abilities",0.304267110221918,50,0.0283036873494781,0.0342071699161911,0.532916892512746
2,TRUE,21,"singing_abilities",0.311902125798199,50,0.0243879882512538,0.042630432336738,0.538929722239352
2,TRUE,22,"singing_abilities",0.286660078206769,50,0.0393655717559007,0.0149275350179716,0.518962179329397
2,TRUE,23,"singing_abilities",0.274206473806902,50,0.049166087491035,0.00141180170788758,0.50901655714916
2,TRUE,24,"singing_abilities",0.266116504750498,50,0.0565352566151798,-0.0073150573831314,0.502522026146563
2,TRUE,25,"singing_abilities",0.24696239256128,50,0.0775583341937233,-0.0278123719557967,0.487038226604514
2,TRUE,1,"emotions",0.131875556573922,50,0.35137276659259,-0.146289559724011,0.390714497535643
2,TRUE,2,"emotions",0.175744406119067,50,0.212679858057729,-0.102050317685828,0.428112163844116
2,TRUE,3,"emotions",0.136064082218202,50,0.336148338133162,-0.142113173055227,0.394322446853546
2,TRUE,4,"emotions",0.0793406090473553,50,0.576088089963249,-0.197843430931462,0.34477581506253
2,TRUE,5,"emotions",0.107381951809945,50,0.448622443177114,-0.17051524253908,0.369455535311921
2,TRUE,6,"emotions",0.197332109573359,50,0.160848953267316,-0.0798693320231495,0.446203480396222
2,TRUE,7,"emotions",0.193351744908434,50,0.169632562650963,-0.0839798328741813,0.442883008254949
2,TRUE,8,"emotions",0.274697861028678,50,0.048744945679241,0.00194321577883083,0.509410177580077
2,TRUE,9,"emotions",0.318292225502278,50,0.0214705284690387,0.0497098021282129,0.543944417146959
2,TRUE,10,"emotions",0.330534894044518,50,0.0166987519399754,0.063348835289531,0.553507162974291
2,TRUE,11,"emotions",0.376747806748466,50,0.00590580419226955,0.115748080235565,0.589081906856237
2,TRUE,12,"emotions",0.414695801229081,50,0.00223831862656238,0.1598903748075,0.617691582794825
2,TRUE,13,"emotions",0.408938178807336,50,0.00261223029937299,0.153126701959656,0.613385111976736
2,TRUE,14,"emotions",0.448622971175984,50,0.000851049175070672,0.200237613753328,0.642822899008054
2,TRUE,15,"emotions",0.440697344492524,50,0.00107635819899664,0.190736189385836,0.636989232229591
2,TRUE,16,"emotions",0.406567362908163,50,0.00278162729584056,0.150348573743314,0.611608295979056
2,TRUE,17,"emotions",0.405237836776044,50,0.00288081885492878,0.148792400441566,0.610610972108904
2,TRUE,18,"emotions",0.410731049226215,50,0.00249026504823579,0.155230280699597,0.614727411887282
2,TRUE,19,"emotions",0.391707936990407,50,0.00408258688211936,0.1330279348371,0.600424540925415
2,TRUE,20,"emotions",0.39645084482046,50,0.00361876798765544,0.138539310529445,0.604003122310345
2,TRUE,21,"emotions",0.413694926995614,50,0.00229968568736824,0.158712893639843,0.616943842187468
2,TRUE,22,"emotions",0.408983803043739,50,0.00260906210280542,0.153180204243231,0.613419284930452
2,TRUE,23,"emotions",0.39907215965226,50,0.0033829020323251,0.141592212686913,0.605977351650297
2,TRUE,24,"emotions",0.378206730599886,50,0.00570113503338214,0.117426301978268,0.590191743860278
2,TRUE,25,"emotions",0.385301497104624,50,0.00479174495219726,0.125608806418416,0.595577496374031
2,TRUE,1,"general_sophistication",0.232489292340873,50,0.0972039019382848,-0.0431486531308577,0.475237501472143
2,TRUE,2,"general_sophistication",0.237693427341426,50,0.0897385205844942,-0.0376490581918371,0.479490802166968
2,TRUE,3,"general_sophistication",0.211120777301483,50,0.132994636196695,-0.0655565789143752,0.457653427008177
2,TRUE,4,"general_sophistication",0.229723385146363,50,0.101362882516151,-0.046064809452353,0.472972319452472
2,TRUE,5,"general_sophistication",0.265980261539473,50,0.0566665957882851,-0.0074616707031944,0.50241242279408
2,TRUE,6,"general_sophistication",0.296016631233058,50,0.0331118807007451,0.0251478305798884,0.526393302396238
2,TRUE,7,"general_sophistication",0.321112365577791,50,0.0202799542363907,0.0528427446984701,0.546152435918329
2,TRUE,8,"general_sophistication",0.320961783697835,50,0.0203420829185547,0.0526753271040208,0.546034617337826
2,TRUE,9,"general_sophistication",0.343678601809609,50,0.0126114918999356,0.078103621815646,0.563708683124049
2,TRUE,10,"general_sophistication",0.317950784293038,50,0.0216185990195668,0.049330847525945,0.54367687471481
2,TRUE,11,"general_sophistication",0.341843521245599,50,0.0131246538368334,0.0760365962470906,0.56228840147348
2,TRUE,12,"general_sophistication",0.39364120934045,50,0.00388756570315445,0.135272515091105,0.601884228269622
2,TRUE,13,"general_sophistication",0.434748984050429,50,0.00127914442722661,0.183635791623658,0.632596115572561
2,TRUE,14,"general_sophistication",0.483203479220619,50,0.000285112179633262,0.242247456537553,0.668015066924582
2,TRUE,15,"general_sophistication",0.510334722311143,50,0.00011105563847627,0.27585252502032,0.687488208682309
2,TRUE,16,"general_sophistication",0.484383349234872,50,0.000274100944557818,0.243696930685593,0.668867202432258
2,TRUE,17,"general_sophistication",0.50030505173624,50,0.000158825024562899,0.263362514748404,0.680319086914695
2,TRUE,18,"general_sophistication",0.516950623788366,50,8.71701665108684e-05,0.284134920271065,0.692198371895519
2,TRUE,19,"general_sophistication",0.522634786125144,50,7.05110896247392e-05,0.29127873820267,0.696233299035479
2,TRUE,20,"general_sophistication",0.488138473034696,50,0.000241577657798597,0.248317280165815,0.671576035958501
2,TRUE,21,"general_sophistication",0.503849135191972,50,0.000140140884400419,0.26776692681292,0.682856308824025
2,TRUE,22,"general_sophistication",0.496314361993952,50,0.000182563776062611,0.258414877840568,0.677456964167171
2,TRUE,23,"general_sophistication",0.489467692398093,50,0.000230934042938389,0.249955386776146,0.672533721223009
2,TRUE,24,"general_sophistication",0.482685574119348,50,0.000290071212158286,0.241611547947706,0.667640868074067
2,TRUE,25,"general_sophistication",0.464402654501987,50,0.000524110042290312,0.219294801126145,0.654370867464129
2,TRUE,1,"mpt_total_score",0.28385774327503,48,0.0457479952283891,0.00598272691115026,0.521037673317803
2,TRUE,2,"mpt_total_score",0.277282438151015,48,0.0512349954469739,-0.00115437621179176,0.515818781336806
2,TRUE,3,"mpt_total_score",0.260395095362625,48,0.067797706282682,-0.0193555185168592,0.502333491205128
2,TRUE,4,"mpt_total_score",0.320115311521941,48,0.0234327223815605,0.0458532740853293,0.549500670357208
2,TRUE,5,"mpt_total_score",0.341662999329357,48,0.0151661046800259,0.0699694539866766,0.566167551644621
2,TRUE,6,"mpt_total_score",0.329564039696267,48,0.0194320245239823,0.0563890834325989,0.556831694466319
2,TRUE,7,"mpt_total_score",0.305447293884003,48,0.0310015264567477,0.0296176876695333,0.538049724901472
2,TRUE,8,"mpt_total_score",0.316963837171959,48,0.0249122626786993,0.0423527381339752,0.547047642367075
2,TRUE,9,"mpt_total_score",0.341169646134963,48,0.0153229503649133,0.0694137174789729,0.56578799119363
2,TRUE,10,"mpt_total_score",0.346138382590883,48,0.0138047627344417,0.0750184542527828,0.569606336744865
2,TRUE,11,"mpt_total_score",0.366983966269173,48,0.00875441105309671,0.0987204586549262,0.58552119279456
2,TRUE,12,"mpt_total_score",0.356491361341961,48,0.0110500639014119,0.0867519096323113,0.577531465833316
2,TRUE,13,"mpt_total_score",0.377340573176391,48,0.00690530505298473,0.110610482409399,0.593365946297001
2,TRUE,14,"mpt_total_score",0.328793368782944,48,0.019735096117619,0.0555274615726669,0.556235074054508
2,TRUE,15,"mpt_total_score",0.377568041475462,48,0.00686883519488,0.110872489757817,0.593537785941492
2,TRUE,16,"mpt_total_score",0.383775445801501,48,0.00593620025937176,0.11803677166574,0.598219545948684
2,TRUE,17,"mpt_total_score",0.346981448155162,48,0.013560370690843,0.0759711354219311,0.570253255083771
2,TRUE,18,"mpt_total_score",0.360971133288988,48,0.0100133618392875,0.0918523219445812,0.580947832832622
2,TRUE,19,"mpt_total_score",0.401034498269652,48,0.00389868635006109,0.138102784460961,0.611160212725413
2,TRUE,20,"mpt_total_score",0.396018563696531,48,0.00441538570515823,0.132248737753813,0.60741085865486
2,TRUE,21,"mpt_total_score",0.385076725950366,48,0.00575534537672373,0.11954216124571,0.599199147193618
2,TRUE,22,"mpt_total_score",0.357809285822753,48,0.0107358985695764,0.088250956460008,0.578537346818845
2,TRUE,23,"mpt_total_score",0.353225677394479,48,0.0118628050836503,0.0830426786063618,0.575036098876002
2,TRUE,24,"mpt_total_score",0.349297949793776,48,0.0129078201295191,0.0785913792968411,0.572029375820775
2,TRUE,25,"mpt_total_score",0.334810137527063,48,0.0174717776378469,0.06226513328498,0.560886776858444
